timestamp,length_in_meters,travel_time_in_seconds,traffic_delay_in_seconds,traffic_length_in_meters,departure_time,arrival_time
2026-04-26 12:51:51.782816,23035,3423,0,0,2026-04-26T12:51:51+08:00,2026-04-26T13:48:54+08:00
2026-04-26 13:51:51.782816,23035,3423,0,0,2026-04-26T13:51:51+08:00,2026-04-26T14:48:54+08:00
2026-04-26 14:51:51.782816,23035,3423,0,0,2026-04-26T14:51:51+08:00,2026-04-26T15:48:54+08:00
2026-04-26 15:51:51.782816,23035,3423,0,0,2026-04-26T15:51:51+08:00,2026-04-26T16:48:54+08:00
2026-04-26 16:51:51.782816,23035,3423,0,0,2026-04-26T16:51:51+08:00,2026-04-26T17:48:54+08:00
2026-04-26 17:51:51.782816,23035,3423,0,0,2026-04-26T17:51:51+08:00,2026-04-26T18:48:54+08:00
2026-04-26 18:51:51.782816,23035,3423,0,0,2026-04-26T18:51:51+08:00,2026-04-26T19:48:54+08:00
2026-04-26 19:51:51.782816,23035,3423,0,0,2026-04-26T19:51:51+08:00,2026-04-26T20:48:54+08:00
2026-04-26 20:51:51.782816,23035,3423,0,0,2026-04-26T20:51:51+08:00,2026-04-26T21:48:54+08:00
2026-04-26 21:51:51.782816,23035,3423,0,0,2026-04-26T21:51:51+08:00,2026-04-26T22:48:54+08:00
2026-04-26 22:51:51.782816,23035,3423,0,0,2026-04-26T22:51:51+08:00,2026-04-26T23:48:54+08:00
2026-04-26 23:51:51.782816,23035,3423,0,0,2026-04-26T23:51:51+08:00,2026-04-27T00:48:54+08:00
2026-04-27 00:51:51.782816,23035,3423,0,0,2026-04-27T00:51:51+08:00,2026-04-27T01:48:54+08:00
2026-04-27 01:51:51.782816,23035,3423,0,0,2026-04-27T01:51:51+08:00,2026-04-27T02:48:54+08:00
2026-04-27 02:51:51.782816,23035,3423,0,0,2026-04-27T02:51:51+08:00,2026-04-27T03:48:54+08:00
2026-04-27 03:51:51.782816,23035,3423,0,0,2026-04-27T03:51:51+08:00,2026-04-27T04:48:54+08:00
2026-04-27 04:51:51.782816,23035,3423,0,0,2026-04-27T04:51:51+08:00,2026-04-27T05:48:54+08:00
2026-04-27 05:51:51.782816,23035,3423,0,0,2026-04-27T05:51:51+08:00,2026-04-27T06:48:54+08:00
2026-04-27 06:51:51.782816,23035,3423,0,0,2026-04-27T06:51:51+08:00,2026-04-27T07:48:54+08:00
2026-04-27 07:51:51.782816,23035,3423,0,0,2026-04-27T07:51:51+08:00,2026-04-27T08:48:54+08:00
2026-04-27 08:51:51.782816,23035,3423,0,0,2026-04-27T08:51:51+08:00,2026-04-27T09:48:54+08:00
2026-04-27 09:51:51.782816,23035,3423,0,0,2026-04-27T09:51:51+08:00,2026-04-27T10:48:54+08:00
2026-04-27 10:51:51.782816,23035,3423,0,0,2026-04-27T10:51:51+08:00,2026-04-27T11:48:54+08:00
2026-04-27 11:51:51.782816,23035,3423,0,0,2026-04-27T11:51:51+08:00,2026-04-27T12:48:54+08:00
2026-04-27 12:51:51.782816,23035,3423,0,0,2026-04-27T12:51:51+08:00,2026-04-27T13:48:54+08:00
2026-04-27 13:51:51.782816,23035,3423,0,0,2026-04-27T13:51:51+08:00,2026-04-27T14:48:54+08:00
2026-04-27 14:51:51.782816,23035,3423,0,0,2026-04-27T14:51:51+08:00,2026-04-27T15:48:54+08:00
2026-04-27 15:51:51.782816,23035,3423,0,0,2026-04-27T15:51:51+08:00,2026-04-27T16:48:54+08:00
2026-04-27 16:51:51.782816,23035,3423,0,0,2026-04-27T16:51:51+08:00,2026-04-27T17:48:54+08:00
2026-04-27 17:51:51.782816,23035,3423,0,0,2026-04-27T17:51:51+08:00,2026-04-27T18:48:54+08:00
2026-04-27 18:51:51.782816,23035,3423,0,0,2026-04-27T18:51:51+08:00,2026-04-27T19:48:54+08:00
2026-04-27 19:51:51.782816,23035,3423,0,0,2026-04-27T19:51:51+08:00,2026-04-27T20:48:54+08:00
2026-04-27 20:51:51.782816,23035,3423,0,0,2026-04-27T20:51:51+08:00,2026-04-27T21:48:54+08:00
2026-04-27 21:51:51.782816,23035,3423,0,0,2026-04-27T21:51:51+08:00,2026-04-27T22:48:54+08:00
2026-04-27 22:51:51.782816,23035,3423,0,0,2026-04-27T22:51:51+08:00,2026-04-27T23:48:54+08:00
2026-04-27 23:51:51.782816,23035,3423,0,0,2026-04-27T23:51:51+08:00,2026-04-28T00:48:54+08:00
2026-04-28 00:51:51.782816,23035,3423,0,0,2026-04-28T00:51:51+08:00,2026-04-28T01:48:54+08:00
2026-04-28 01:51:51.782816,23035,3423,0,0,2026-04-28T01:51:51+08:00,2026-04-28T02:48:54+08:00
2026-04-28 02:51:51.782816,23035,3423,0,0,2026-04-28T02:51:51+08:00,2026-04-28T03:48:54+08:00
2026-04-28 03:51:51.782816,23035,3423,0,0,2026-04-28T03:51:51+08:00,2026-04-28T04:48:54+08:00
2026-04-28 04:51:51.782816,23035,3423,0,0,2026-04-28T04:51:51+08:00,2026-04-28T05:48:54+08:00
2026-04-28 05:51:51.782816,23035,3423,0,0,2026-04-28T05:51:51+08:00,2026-04-28T06:48:54+08:00
2026-04-28 06:51:51.782816,23035,3423,0,0,2026-04-28T06:51:51+08:00,2026-04-28T07:48:54+08:00
2026-04-28 07:51:51.782816,23035,3423,0,0,2026-04-28T07:51:51+08:00,2026-04-28T08:48:54+08:00
2026-04-28 08:51:51.782816,23035,3423,0,0,2026-04-28T08:51:51+08:00,2026-04-28T09:48:54+08:00
2026-04-28 09:51:51.782816,23035,3423,0,0,2026-04-28T09:51:51+08:00,2026-04-28T10:48:54+08:00
2026-04-28 10:51:51.782816,23035,3423,0,0,2026-04-28T10:51:51+08:00,2026-04-28T11:48:54+08:00
2026-04-28 11:51:51.782816,23035,3423,0,0,2026-04-28T11:51:51+08:00,2026-04-28T12:48:54+08:00
2026-04-28 12:51:51.782816,23035,3423,0,0,2026-04-28T12:51:51+08:00,2026-04-28T13:48:54+08:00
2026-04-28 13:51:51.782816,23035,3423,0,0,2026-04-28T13:51:51+08:00,2026-04-28T14:48:54+08:00
2026-04-28 14:51:51.782816,23035,3423,0,0,2026-04-28T14:51:51+08:00,2026-04-28T15:48:54+08:00
2026-04-28 15:51:51.782816,23035,3423,0,0,2026-04-28T15:51:51+08:00,2026-04-28T16:48:54+08:00
2026-04-28 16:51:51.782816,23035,3423,0,0,2026-04-28T16:51:51+08:00,2026-04-28T17:48:54+08:00
2026-04-28 17:51:51.782816,23035,3423,0,0,2026-04-28T17:51:51+08:00,2026-04-28T18:48:54+08:00
2026-04-28 18:51:51.782816,23035,3423,0,0,2026-04-28T18:51:51+08:00,2026-04-28T19:48:54+08:00
2026-04-28 19:51:51.782816,23035,3423,0,0,2026-04-28T19:51:51+08:00,2026-04-28T20:48:54+08:00
2026-04-28 20:51:51.782816,23035,3423,0,0,2026-04-28T20:51:51+08:00,2026-04-28T21:48:54+08:00
2026-04-28 21:51:51.782816,23035,3423,0,0,2026-04-28T21:51:51+08:00,2026-04-28T22:48:54+08:00
2026-04-28 22:51:51.782816,23035,3423,0,0,2026-04-28T22:51:51+08:00,2026-04-28T23:48:54+08:00
2026-04-28 23:51:51.782816,23035,3423,0,0,2026-04-28T23:51:51+08:00,2026-04-29T00:48:54+08:00
2026-04-29 00:51:51.782816,23035,3423,0,0,2026-04-29T00:51:51+08:00,2026-04-29T01:48:54+08:00
2026-04-29 01:51:51.782816,23035,3423,0,0,2026-04-29T01:51:51+08:00,2026-04-29T02:48:54+08:00
2026-04-29 02:51:51.782816,23035,3423,0,0,2026-04-29T02:51:51+08:00,2026-04-29T03:48:54+08:00
2026-04-29 03:51:51.782816,23035,3423,0,0,2026-04-29T03:51:51+08:00,2026-04-29T04:48:54+08:00
2026-04-29 04:51:51.782816,23035,3423,0,0,2026-04-29T04:51:51+08:00,2026-04-29T05:48:54+08:00
2026-04-29 05:51:51.782816,23035,3423,0,0,2026-04-29T05:51:51+08:00,2026-04-29T06:48:54+08:00
2026-04-29 06:51:51.782816,23035,3423,0,0,2026-04-29T06:51:51+08:00,2026-04-29T07:48:54+08:00
2026-04-29 07:51:51.782816,23035,3423,0,0,2026-04-29T07:51:51+08:00,2026-04-29T08:48:54+08:00
2026-04-29 08:51:51.782816,23035,3423,0,0,2026-04-29T08:51:51+08:00,2026-04-29T09:48:54+08:00
2026-04-29 09:51:51.782816,23035,3423,0,0,2026-04-29T09:51:51+08:00,2026-04-29T10:48:54+08:00
2026-04-29 10:51:51.782816,23035,3423,0,0,2026-04-29T10:51:51+08:00,2026-04-29T11:48:54+08:00
2026-04-29 11:51:51.782816,23035,3423,0,0,2026-04-29T11:51:51+08:00,2026-04-29T12:48:54+08:00
2026-04-29 12:51:51.782816,23035,3423,0,0,2026-04-29T12:51:51+08:00,2026-04-29T13:48:54+08:00
2026-04-29 13:51:51.782816,23035,3423,0,0,2026-04-29T13:51:51+08:00,2026-04-29T14:48:54+08:00
2026-04-29 14:51:51.782816,23035,3423,0,0,2026-04-29T14:51:51+08:00,2026-04-29T15:48:54+08:00
2026-04-29 15:51:51.782816,23035,3423,0,0,2026-04-29T15:51:51+08:00,2026-04-29T16:48:54+08:00
2026-04-29 16:51:51.782816,23035,3423,0,0,2026-04-29T16:51:51+08:00,2026-04-29T17:48:54+08:00
2026-04-29 17:51:51.782816,23035,3423,0,0,2026-04-29T17:51:51+08:00,2026-04-29T18:48:54+08:00
2026-04-29 18:51:51.782816,23035,3423,0,0,2026-04-29T18:51:51+08:00,2026-04-29T19:48:54+08:00
2026-04-29 19:51:51.782816,23035,3423,0,0,2026-04-29T19:51:51+08:00,2026-04-29T20:48:54+08:00
2026-04-29 20:51:51.782816,23035,3423,0,0,2026-04-29T20:51:51+08:00,2026-04-29T21:48:54+08:00
2026-04-29 21:51:51.782816,23035,3423,0,0,2026-04-29T21:51:51+08:00,2026-04-29T22:48:54+08:00
2026-04-29 22:51:51.782816,23035,3423,0,0,2026-04-29T22:51:51+08:00,2026-04-29T23:48:54+08:00
2026-04-29 23:51:51.782816,23035,3423,0,0,2026-04-29T23:51:51+08:00,2026-04-30T00:48:54+08:00
2026-04-30 00:51:51.782816,23035,3423,0,0,2026-04-30T00:51:51+08:00,2026-04-30T01:48:54+08:00
2026-04-30 01:51:51.782816,23035,3423,0,0,2026-04-30T01:51:51+08:00,2026-04-30T02:48:54+08:00
2026-04-30 02:51:51.782816,23035,3423,0,0,2026-04-30T02:51:51+08:00,2026-04-30T03:48:54+08:00
2026-04-30 04:51:51.782816,23035,3423,0,0,2026-04-30T04:51:51+08:00,2026-04-30T05:48:54+08:00
2026-04-30 05:51:51.782816,23035,3447,43,173,2026-04-30T05:51:51+08:00,2026-04-30T06:49:18+08:00
2026-04-30 06:51:51.782816,23035,3423,0,0,2026-04-30T06:51:51+08:00,2026-04-30T07:48:54+08:00
2026-04-30 07:51:51.782816,23035,3447,43,173,2026-04-30T07:51:51+08:00,2026-04-30T08:49:18+08:00
2026-04-30 08:51:51.782816,23035,3447,43,173,2026-04-30T08:51:51+08:00,2026-04-30T09:49:18+08:00
2026-04-30 09:51:51.782816,23035,3447,43,173,2026-04-30T09:51:51+08:00,2026-04-30T10:49:18+08:00
2026-04-30 10:51:51.782816,23035,3447,43,173,2026-04-30T10:51:51+08:00,2026-04-30T11:49:18+08:00
2026-04-30 11:51:51.782816,23035,3447,43,173,2026-04-30T11:51:51+08:00,2026-04-30T12:49:18+08:00
2026-04-30 12:51:51.782816,23035,3423,0,0,2026-04-30T12:51:51+08:00,2026-04-30T13:48:54+08:00
2026-04-30 13:51:51.782816,23035,3447,43,173,2026-04-30T13:51:51+08:00,2026-04-30T14:49:18+08:00
2026-04-30 14:51:51.782816,23035,3423,0,0,2026-04-30T14:51:51+08:00,2026-04-30T15:48:54+08:00
2026-04-30 15:51:51.782816,23035,3423,0,0,2026-04-30T15:51:51+08:00,2026-04-30T16:48:54+08:00
2026-04-30 16:51:51.782816,23035,3447,43,173,2026-04-30T16:51:51+08:00,2026-04-30T17:49:18+08:00
2026-04-30 17:51:51.782816,23035,3447,43,173,2026-04-30T17:51:51+08:00,2026-04-30T18:49:18+08:00
2026-04-30 18:51:51.782816,23035,3447,43,173,2026-04-30T18:51:51+08:00,2026-04-30T19:49:18+08:00
2026-04-30 19:51:51.782816,23035,3447,43,173,2026-04-30T19:51:51+08:00,2026-04-30T20:49:18+08:00
2026-04-30 20:51:51.782816,23035,3447,43,173,2026-04-30T20:51:51+08:00,2026-04-30T21:49:18+08:00
2026-04-30 21:51:51.782816,23035,3423,0,0,2026-04-30T21:51:51+08:00,2026-04-30T22:48:54+08:00
2026-04-30 22:51:51.782816,23035,3423,0,0,2026-04-30T22:51:51+08:00,2026-04-30T23:48:54+08:00
2026-04-30 23:51:51.782816,23035,3423,0,0,2026-04-30T23:51:51+08:00,2026-05-01T00:48:54+08:00
2026-05-01 00:51:51.782816,23035,3423,0,0,2026-05-01T00:51:51+08:00,2026-05-01T01:48:54+08:00
2026-05-01 01:51:51.782816,23035,3423,0,0,2026-05-01T01:51:51+08:00,2026-05-01T02:48:54+08:00
2026-05-01 02:51:51.782816,23035,3423,0,0,2026-05-01T02:51:51+08:00,2026-05-01T03:48:54+08:00
2026-05-01 03:51:51.782816,23035,3423,0,0,2026-05-01T03:51:51+08:00,2026-05-01T04:48:54+08:00
2026-05-01 04:51:51.782816,23035,3423,0,0,2026-05-01T04:51:51+08:00,2026-05-01T05:48:54+08:00
2026-05-01 05:51:51.782816,23035,3423,0,0,2026-05-01T05:51:51+08:00,2026-05-01T06:48:54+08:00
2026-05-01 06:51:51.782816,23035,3423,0,0,2026-05-01T06:51:51+08:00,2026-05-01T07:48:54+08:00
2026-05-01 07:51:51.782816,23035,3453,57,231,2026-05-01T07:51:51+08:00,2026-05-01T08:49:24+08:00
2026-05-01 08:51:51.782816,23035,3453,57,231,2026-05-01T08:51:51+08:00,2026-05-01T09:49:24+08:00
2026-05-01 09:51:51.782816,23035,3423,0,0,2026-05-01T09:51:51+08:00,2026-05-01T10:48:54+08:00
2026-05-01 10:51:51.782816,23035,3453,57,231,2026-05-01T10:51:51+08:00,2026-05-01T11:49:24+08:00
2026-05-01 11:51:51.782816,23035,3453,57,231,2026-05-01T11:51:51+08:00,2026-05-01T12:49:24+08:00
2026-05-01 12:51:51.782816,23035,3453,57,231,2026-05-01T12:51:51+08:00,2026-05-01T13:49:24+08:00
2026-05-01 13:51:51.782816,23035,3453,57,231,2026-05-01T13:51:51+08:00,2026-05-01T14:49:24+08:00
2026-05-01 14:51:51.782816,23035,3453,57,231,2026-05-01T14:51:51+08:00,2026-05-01T15:49:24+08:00
2026-05-01 15:51:51.782816,23035,3453,57,231,2026-05-01T15:51:51+08:00,2026-05-01T16:49:24+08:00
2026-05-01 16:51:51.782816,23035,3453,57,231,2026-05-01T16:51:51+08:00,2026-05-01T17:49:24+08:00
2026-05-01 18:51:51.782816,23035,3429,14,58,2026-05-01T18:51:51+08:00,2026-05-01T19:49:00+08:00
2026-05-01 19:51:51.782816,23035,3429,14,58,2026-05-01T19:51:51+08:00,2026-05-01T20:49:00+08:00
2026-05-01 20:51:51.782816,23035,3429,14,58,2026-05-01T20:51:51+08:00,2026-05-01T21:49:00+08:00
2026-05-01 21:51:51.782816,23035,3427,8,34,2026-05-01T21:51:51+08:00,2026-05-01T22:48:58+08:00
2026-05-01 22:51:51.782816,23035,3427,8,34,2026-05-01T22:51:51+08:00,2026-05-01T23:48:58+08:00
2026-05-01 23:51:51.782816,23035,3427,8,34,2026-05-01T23:51:51+08:00,2026-05-02T00:48:58+08:00
2026-05-02 00:51:51.782816,23035,3427,8,34,2026-05-02T00:51:51+08:00,2026-05-02T01:48:58+08:00
2026-05-02 01:51:51.782816,23035,3427,8,34,2026-05-02T01:51:51+08:00,2026-05-02T02:48:58+08:00
2026-05-02 02:51:51.782816,23035,3427,8,34,2026-05-02T02:51:51+08:00,2026-05-02T03:48:58+08:00
2026-05-02 03:51:51.782816,23035,3427,8,34,2026-05-02T03:51:51+08:00,2026-05-02T04:48:58+08:00
2026-05-02 04:51:51.782816,23035,3427,8,34,2026-05-02T04:51:51+08:00,2026-05-02T05:48:58+08:00
2026-05-02 05:51:51.782816,23035,3427,8,34,2026-05-02T05:51:51+08:00,2026-05-02T06:48:58+08:00
2026-05-02 06:51:51.782816,23035,3427,8,34,2026-05-02T06:51:51+08:00,2026-05-02T07:48:58+08:00
2026-05-02 07:51:51.782816,23035,3427,8,34,2026-05-02T07:51:51+08:00,2026-05-02T08:48:58+08:00
2026-05-02 08:51:51.782816,23035,3447,49,196,2026-05-02T08:51:51+08:00,2026-05-02T09:49:18+08:00
2026-05-02 09:51:51.782816,23035,3422,1,2,2026-05-02T09:51:51+08:00,2026-05-02T10:48:53+08:00
2026-05-02 10:51:51.782816,23035,3422,1,2,2026-05-02T10:51:51+08:00,2026-05-02T11:48:53+08:00
2026-05-02 11:51:51.782816,23035,3422,1,2,2026-05-02T11:51:51+08:00,2026-05-02T12:48:53+08:00
2026-05-02 12:51:51.782816,23035,3422,1,2,2026-05-02T12:51:51+08:00,2026-05-02T13:48:53+08:00
2026-05-02 13:51:51.782816,23035,3447,49,196,2026-05-02T13:51:51+08:00,2026-05-02T14:49:18+08:00
2026-05-02 14:51:51.782816,23035,3447,49,196,2026-05-02T14:51:51+08:00,2026-05-02T15:49:18+08:00
2026-05-02 15:51:51.782816,23035,3447,49,196,2026-05-02T15:51:51+08:00,2026-05-02T16:49:18+08:00
2026-05-02 16:51:51.782816,23035,3422,1,2,2026-05-02T16:51:51+08:00,2026-05-02T17:48:53+08:00
2026-05-02 17:51:51.782816,23035,3422,1,2,2026-05-02T17:51:51+08:00,2026-05-02T18:48:53+08:00
2026-05-02 18:51:51.782816,23035,3447,49,196,2026-05-02T18:51:51+08:00,2026-05-02T19:49:18+08:00
2026-05-02 19:51:51.782816,23035,3422,0,0,2026-05-02T19:51:51+08:00,2026-05-02T20:48:53+08:00
2026-05-02 20:51:51.782816,23035,3447,49,196,2026-05-02T20:51:51+08:00,2026-05-02T21:49:18+08:00
2026-05-02 21:51:51.782816,23035,3447,49,196,2026-05-02T21:51:51+08:00,2026-05-02T22:49:18+08:00
2026-05-02 22:51:51.782816,23035,3447,49,196,2026-05-02T22:51:51+08:00,2026-05-02T23:49:18+08:00
2026-05-02 23:51:51.782816,23035,3447,49,196,2026-05-02T23:51:51+08:00,2026-05-03T00:49:18+08:00
2026-05-03 00:51:51.782816,23035,3447,49,196,2026-05-03T00:51:51+08:00,2026-05-03T01:49:18+08:00
2026-05-03 01:51:51.782816,23035,3447,49,196,2026-05-03T01:51:51+08:00,2026-05-03T02:49:18+08:00
2026-05-03 02:51:51.782816,23035,3447,49,196,2026-05-03T02:51:51+08:00,2026-05-03T03:49:18+08:00
2026-05-03 03:51:51.782816,23035,3447,49,196,2026-05-03T03:51:51+08:00,2026-05-03T04:49:18+08:00
2026-05-03 04:51:51.782816,23035,3423,6,23,2026-05-03T04:51:51+08:00,2026-05-03T05:48:54+08:00
2026-05-03 05:51:51.782816,23035,3424,6,23,2026-05-03T05:51:51+08:00,2026-05-03T06:48:55+08:00
2026-05-03 06:51:51.782816,23035,3424,6,23,2026-05-03T06:51:51+08:00,2026-05-03T07:48:55+08:00
2026-05-03 07:51:51.782816,23035,3424,6,23,2026-05-03T07:51:51+08:00,2026-05-03T08:48:55+08:00
2026-05-03 08:51:51.782816,23035,3424,6,23,2026-05-03T08:51:51+08:00,2026-05-03T09:48:55+08:00
2026-05-03 09:51:51.782816,23035,3442,43,196,2026-05-03T09:51:51+08:00,2026-05-03T10:49:13+08:00
2026-05-03 10:51:51.782816,23035,3424,6,23,2026-05-03T10:51:51+08:00,2026-05-03T11:48:55+08:00
2026-05-03 11:51:51.782816,23035,3424,6,23,2026-05-03T11:51:51+08:00,2026-05-03T12:48:55+08:00
2026-05-03 12:51:51.782816,23035,3422,0,0,2026-05-03T12:51:51+08:00,2026-05-03T13:48:53+08:00
2026-05-03 13:51:51.782816,23035,3422,0,0,2026-05-03T13:51:51+08:00,2026-05-03T14:48:53+08:00
2026-05-03 14:51:51.782816,23035,3442,43,196,2026-05-03T14:51:51+08:00,2026-05-03T15:49:13+08:00
2026-05-03 15:51:51.782816,23035,3422,0,0,2026-05-03T15:51:51+08:00,2026-05-03T16:48:53+08:00
2026-05-03 16:51:51.782816,23035,3422,0,0,2026-05-03T16:51:51+08:00,2026-05-03T17:48:53+08:00
2026-05-03 17:51:51.782816,23035,3422,0,0,2026-05-03T17:51:51+08:00,2026-05-03T18:48:53+08:00
2026-05-03 18:51:51.782816,23035,3442,43,196,2026-05-03T18:51:51+08:00,2026-05-03T19:49:13+08:00
2026-05-03 19:51:51.782816,23035,3422,0,0,2026-05-03T19:51:51+08:00,2026-05-03T20:48:53+08:00
2026-05-03 20:51:51.782816,23035,3442,43,196,2026-05-03T20:51:51+08:00,2026-05-03T21:49:13+08:00
2026-05-03 21:51:51.782816,23035,3442,43,196,2026-05-03T21:51:51+08:00,2026-05-03T22:49:13+08:00
2026-05-03 22:51:51.782816,23035,3442,43,196,2026-05-03T22:51:51+08:00,2026-05-03T23:49:13+08:00
2026-05-03 23:51:51.782816,23035,3442,43,196,2026-05-03T23:51:51+08:00,2026-05-04T00:49:13+08:00
2026-05-04 00:51:51.782816,23035,3442,43,196,2026-05-04T00:51:51+08:00,2026-05-04T01:49:13+08:00
2026-05-04 01:51:51.782816,23035,3442,43,196,2026-05-04T01:51:51+08:00,2026-05-04T02:49:13+08:00
2026-05-04 02:51:51.782816,23035,3442,43,196,2026-05-04T02:51:51+08:00,2026-05-04T03:49:13+08:00
2026-05-04 03:51:51.782816,23035,3442,43,196,2026-05-04T03:51:51+08:00,2026-05-04T04:49:13+08:00
2026-05-04 04:51:51.782816,23035,3442,43,196,2026-05-04T04:51:51+08:00,2026-05-04T05:49:13+08:00
2026-05-04 05:51:51.782816,23035,3442,43,196,2026-05-04T05:51:51+08:00,2026-05-04T06:49:13+08:00
2026-05-04 06:51:51.782816,23035,3442,43,196,2026-05-04T06:51:51+08:00,2026-05-04T07:49:13+08:00
2026-05-04 07:51:51.782816,23035,3442,43,196,2026-05-04T07:51:51+08:00,2026-05-04T08:49:13+08:00
2026-05-04 08:51:51.782816,23035,3442,43,196,2026-05-04T08:51:51+08:00,2026-05-04T09:49:13+08:00
2026-05-04 09:51:51.782816,23035,3442,43,196,2026-05-04T09:51:51+08:00,2026-05-04T10:49:13+08:00
2026-05-04 10:51:51.782816,23035,3442,43,196,2026-05-04T10:51:51+08:00,2026-05-04T11:49:13+08:00
2026-05-04 11:51:51.782816,23035,3442,43,196,2026-05-04T11:51:51+08:00,2026-05-04T12:49:13+08:00
2026-05-04 12:51:51.782816,23035,3423,5,23,2026-05-04T12:51:51+08:00,2026-05-04T13:48:54+08:00
2026-05-04 13:51:51.782816,23035,3423,5,23,2026-05-04T13:51:51+08:00,2026-05-04T14:48:54+08:00
2026-05-04 14:51:51.782816,23035,3423,5,23,2026-05-04T14:51:51+08:00,2026-05-04T15:48:54+08:00
2026-05-04 15:51:51.782816,23035,3423,5,23,2026-05-04T15:51:51+08:00,2026-05-04T16:48:54+08:00
2026-05-04 16:51:51.782816,23035,3423,5,23,2026-05-04T16:51:51+08:00,2026-05-04T17:48:54+08:00
2026-05-04 17:51:51.782816,23035,3446,51,231,2026-05-04T17:51:51+08:00,2026-05-04T18:49:17+08:00
2026-05-04 18:51:51.782816,23035,3423,5,23,2026-05-04T18:51:51+08:00,2026-05-04T19:48:54+08:00
2026-05-04 19:51:51.782816,23035,3422,0,0,2026-05-04T19:51:51+08:00,2026-05-04T20:48:53+08:00
2026-05-04 20:51:51.782816,23035,3422,0,0,2026-05-04T20:51:51+08:00,2026-05-04T21:48:53+08:00
2026-05-04 21:51:51.782816,23035,3446,51,231,2026-05-04T21:51:51+08:00,2026-05-04T22:49:17+08:00
2026-05-04 22:51:51.782816,23035,3446,51,231,2026-05-04T22:51:51+08:00,2026-05-04T23:49:17+08:00
2026-05-04 23:51:51.782816,23035,3446,51,231,2026-05-04T23:51:51+08:00,2026-05-05T00:49:17+08:00
2026-05-05 00:51:51.782816,23035,3446,51,231,2026-05-05T00:51:51+08:00,2026-05-05T01:49:17+08:00
2026-05-05 01:51:51.782816,23035,3446,51,231,2026-05-05T01:51:51+08:00,2026-05-05T02:49:17+08:00
2026-05-05 02:51:51.782816,23035,3422,0,0,2026-05-05T02:51:51+08:00,2026-05-05T03:48:53+08:00
2026-05-05 03:51:51.782816,23035,3446,51,231,2026-05-05T03:51:51+08:00,2026-05-05T04:49:17+08:00
2026-05-05 04:51:51.782816,23035,3446,51,231,2026-05-05T04:51:51+08:00,2026-05-05T05:49:17+08:00
2026-05-05 05:51:51.782816,23035,3446,51,231,2026-05-05T05:51:51+08:00,2026-05-05T06:49:17+08:00
2026-05-05 06:51:51.782816,23035,3446,51,231,2026-05-05T06:51:51+08:00,2026-05-05T07:49:17+08:00
2026-05-05 07:51:51.782816,23035,3446,51,231,2026-05-05T07:51:51+08:00,2026-05-05T08:49:17+08:00
2026-05-05 08:51:51.782816,23035,3446,51,231,2026-05-05T08:51:51+08:00,2026-05-05T09:49:17+08:00
2026-05-05 09:51:51.782816,23035,3446,51,231,2026-05-05T09:51:51+08:00,2026-05-05T10:49:17+08:00
2026-05-05 10:51:51.782816,23035,3446,51,231,2026-05-05T10:51:51+08:00,2026-05-05T11:49:17+08:00
2026-05-05 11:51:51.782816,23035,3446,51,231,2026-05-05T11:51:51+08:00,2026-05-05T12:49:17+08:00
2026-05-05 12:51:51.782816,23035,3446,51,231,2026-05-05T12:51:51+08:00,2026-05-05T13:49:17+08:00
2026-05-05 13:51:51.782816,23035,3446,51,231,2026-05-05T13:51:51+08:00,2026-05-05T14:49:17+08:00
2026-05-05 14:51:51.782816,23035,3427,13,58,2026-05-05T14:51:51+08:00,2026-05-05T15:48:58+08:00
2026-05-05 15:51:51.782816,23035,3427,13,58,2026-05-05T15:51:51+08:00,2026-05-05T16:48:58+08:00
2026-05-05 16:51:51.782816,23035,3427,13,58,2026-05-05T16:51:51+08:00,2026-05-05T17:48:58+08:00
2026-05-05 17:51:51.782816,23035,3427,13,58,2026-05-05T17:51:51+08:00,2026-05-05T18:48:58+08:00
2026-05-05 18:51:51.782816,23035,3427,13,58,2026-05-05T18:51:51+08:00,2026-05-05T19:48:58+08:00
2026-05-05 19:51:51.782816,23035,3427,13,58,2026-05-05T19:51:51+08:00,2026-05-05T20:48:58+08:00
2026-05-05 20:51:51.782816,23035,3427,13,58,2026-05-05T20:51:51+08:00,2026-05-05T21:48:58+08:00
2026-05-05 21:51:51.782816,23035,3427,13,58,2026-05-05T21:51:51+08:00,2026-05-05T22:48:58+08:00
2026-05-05 22:51:51.782816,23035,3426,8,34,2026-05-05T22:51:51+08:00,2026-05-05T23:48:57+08:00
2026-05-05 23:51:51.782816,23035,3426,8,34,2026-05-05T23:51:51+08:00,2026-05-06T00:48:57+08:00
2026-05-06 00:51:51.782816,23035,3427,8,34,2026-05-06T00:51:51+08:00,2026-05-06T01:48:58+08:00
2026-05-06 01:51:51.782816,23035,3427,8,34,2026-05-06T01:51:51+08:00,2026-05-06T02:48:58+08:00
2026-05-06 02:51:51.782816,23035,3427,8,34,2026-05-06T02:51:51+08:00,2026-05-06T03:48:58+08:00
2026-05-06 03:51:51.782816,23035,3427,8,34,2026-05-06T03:51:51+08:00,2026-05-06T04:48:58+08:00
2026-05-06 04:51:51.782816,23035,3461,65,231,2026-05-06T04:51:51+08:00,2026-05-06T05:49:32+08:00
2026-05-06 05:51:51.782816,23035,3427,8,34,2026-05-06T05:51:51+08:00,2026-05-06T06:48:58+08:00
2026-05-06 06:51:51.782816,23035,3427,8,34,2026-05-06T06:51:51+08:00,2026-05-06T07:48:58+08:00
2026-05-06 07:51:51.782816,23035,3423,1,2,2026-05-06T07:51:51+08:00,2026-05-06T08:48:54+08:00
2026-05-06 08:51:51.782816,23035,3423,1,2,2026-05-06T08:51:51+08:00,2026-05-06T09:48:54+08:00
2026-05-06 09:51:51.782816,23035,3423,1,2,2026-05-06T09:51:51+08:00,2026-05-06T10:48:54+08:00
2026-05-06 10:51:51.782816,23035,3423,1,2,2026-05-06T10:51:51+08:00,2026-05-06T11:48:54+08:00
2026-05-06 11:51:51.782816,23035,3423,1,2,2026-05-06T11:51:51+08:00,2026-05-06T12:48:54+08:00
2026-05-06 12:51:51.782816,23035,3423,1,2,2026-05-06T12:51:51+08:00,2026-05-06T13:48:54+08:00
2026-05-06 13:51:51.782816,23035,3423,1,2,2026-05-06T13:51:51+08:00,2026-05-06T14:48:54+08:00
2026-05-06 14:51:51.782816,23035,3423,1,2,2026-05-06T14:51:51+08:00,2026-05-06T15:48:54+08:00
2026-05-06 15:51:51.782816,23035,3461,65,231,2026-05-06T15:51:51+08:00,2026-05-06T16:49:32+08:00
2026-05-06 16:51:51.782816,23035,3461,65,231,2026-05-06T16:51:51+08:00,2026-05-06T17:49:32+08:00
2026-05-06 17:51:51.782816,23035,3461,65,231,2026-05-06T17:51:51+08:00,2026-05-06T18:49:32+08:00
2026-05-06 18:51:51.782816,23035,3461,65,231,2026-05-06T18:51:51+08:00,2026-05-06T19:49:32+08:00
2026-05-06 19:51:51.782816,23035,3431,16,58,2026-05-06T19:51:51+08:00,2026-05-06T20:49:02+08:00
2026-05-06 20:51:51.782816,23035,3423,0,0,2026-05-06T20:51:51+08:00,2026-05-06T21:48:54+08:00
2026-05-06 21:51:51.782816,23035,3431,16,58,2026-05-06T21:51:51+08:00,2026-05-06T22:49:02+08:00
2026-05-06 22:51:51.782816,23035,3431,16,58,2026-05-06T22:51:51+08:00,2026-05-06T23:49:02+08:00
2026-05-06 23:51:51.782816,23035,3431,16,58,2026-05-06T23:51:51+08:00,2026-05-07T00:49:02+08:00
2026-05-07 00:51:51.782816,23035,3431,16,58,2026-05-07T00:51:51+08:00,2026-05-07T01:49:02+08:00
2026-05-07 01:51:51.782816,23035,3431,16,58,2026-05-07T01:51:51+08:00,2026-05-07T02:49:02+08:00
2026-05-07 02:51:51.782816,23035,3431,16,58,2026-05-07T02:51:51+08:00,2026-05-07T03:49:02+08:00
2026-05-07 03:51:51.782816,23035,3431,16,58,2026-05-07T03:51:51+08:00,2026-05-07T04:49:02+08:00
2026-05-07 04:51:51.782816,23035,3429,10,34,2026-05-07T04:51:51+08:00,2026-05-07T05:49:00+08:00
2026-05-07 05:51:51.782816,23035,3429,10,34,2026-05-07T05:51:51+08:00,2026-05-07T06:49:00+08:00
2026-05-07 06:51:51.782816,23035,3429,10,34,2026-05-07T06:51:51+08:00,2026-05-07T07:49:00+08:00
2026-05-07 07:51:51.782816,23035,3429,10,34,2026-05-07T07:51:51+08:00,2026-05-07T08:49:00+08:00
2026-05-07 08:51:51.782816,23035,3430,10,34,2026-05-07T08:51:51+08:00,2026-05-07T09:49:01+08:00
2026-05-07 09:51:51.782816,23035,3430,10,34,2026-05-07T09:51:51+08:00,2026-05-07T10:49:01+08:00
2026-05-07 10:51:51.782816,23035,3430,10,34,2026-05-07T10:51:51+08:00,2026-05-07T11:49:01+08:00
2026-05-07 11:51:51.782816,23035,3430,10,34,2026-05-07T11:51:51+08:00,2026-05-07T12:49:01+08:00
2026-05-07 12:51:51.782816,23035,3471,81,289,2026-05-07T12:51:51+08:00,2026-05-07T13:49:42+08:00
2026-05-07 13:51:51.782816,23035,3471,81,289,2026-05-07T13:51:51+08:00,2026-05-07T14:49:42+08:00
2026-05-07 14:51:51.782816,23035,3430,10,34,2026-05-07T14:51:51+08:00,2026-05-07T15:49:01+08:00
2026-05-07 15:51:51.782816,23035,3424,1,2,2026-05-07T15:51:51+08:00,2026-05-07T16:48:55+08:00
2026-05-07 16:51:51.782816,23035,3424,1,2,2026-05-07T16:51:51+08:00,2026-05-07T17:48:55+08:00
2026-05-07 17:51:51.782816,23035,3442,33,116,2026-05-07T17:51:51+08:00,2026-05-07T18:49:13+08:00
2026-05-07 18:51:51.782816,23035,3442,33,116,2026-05-07T18:51:51+08:00,2026-05-07T19:49:13+08:00
2026-05-07 19:51:51.782816,23035,3442,33,116,2026-05-07T19:51:51+08:00,2026-05-07T20:49:13+08:00
2026-05-07 20:51:51.782816,23035,3442,33,116,2026-05-07T20:51:51+08:00,2026-05-07T21:49:13+08:00
2026-05-07 21:51:51.782816,23035,3442,33,116,2026-05-07T21:51:51+08:00,2026-05-07T22:49:13+08:00
2026-05-07 22:51:51.782816,23035,3442,33,116,2026-05-07T22:51:51+08:00,2026-05-07T23:49:13+08:00
2026-05-07 23:51:51.782816,23035,3442,33,116,2026-05-07T23:51:51+08:00,2026-05-08T00:49:13+08:00
2026-05-08 00:51:51.782816,23035,3442,33,116,2026-05-08T00:51:51+08:00,2026-05-08T01:49:13+08:00
2026-05-08 01:51:51.782816,23035,3442,33,116,2026-05-08T01:51:51+08:00,2026-05-08T02:49:13+08:00
2026-05-08 02:51:51.782816,23035,3440,26,92,2026-05-08T02:51:51+08:00,2026-05-08T03:49:11+08:00
2026-05-08 03:51:51.782816,23035,3440,26,92,2026-05-08T03:51:51+08:00,2026-05-08T04:49:11+08:00
2026-05-08 04:51:51.782816,23035,3440,26,92,2026-05-08T04:51:51+08:00,2026-05-08T05:49:11+08:00
2026-05-08 05:51:51.782816,23035,3440,26,92,2026-05-08T05:51:51+08:00,2026-05-08T06:49:11+08:00
2026-05-08 06:51:51.782816,23035,3440,26,92,2026-05-08T06:51:51+08:00,2026-05-08T07:49:11+08:00
2026-05-08 07:51:51.782816,23035,3440,26,92,2026-05-08T07:51:51+08:00,2026-05-08T08:49:11+08:00
2026-05-08 08:51:51.782816,23035,3440,26,92,2026-05-08T08:51:51+08:00,2026-05-08T09:49:11+08:00
2026-05-08 09:51:51.782816,23035,3440,26,92,2026-05-08T09:51:51+08:00,2026-05-08T10:49:11+08:00
2026-05-08 10:51:51.782816,23035,3440,26,92,2026-05-08T10:51:51+08:00,2026-05-08T11:49:11+08:00
2026-05-08 11:51:51.782816,23035,3434,17,60,2026-05-08T11:51:51+08:00,2026-05-08T12:49:05+08:00
2026-05-08 12:51:51.782816,23035,3434,17,60,2026-05-08T12:51:51+08:00,2026-05-08T13:49:05+08:00
2026-05-08 13:51:51.782816,23035,3447,57,289,2026-05-08T13:51:51+08:00,2026-05-08T14:49:18+08:00
2026-05-08 14:51:51.782816,23035,3434,17,60,2026-05-08T14:51:51+08:00,2026-05-08T15:49:05+08:00
2026-05-08 15:51:51.782816,23035,3434,17,60,2026-05-08T15:51:51+08:00,2026-05-08T16:49:05+08:00
2026-05-08 16:51:51.782816,23035,3434,17,60,2026-05-08T16:51:51+08:00,2026-05-08T17:49:05+08:00
2026-05-08 17:51:51.782816,23035,3434,17,60,2026-05-08T17:51:51+08:00,2026-05-08T18:49:05+08:00
2026-05-08 18:51:51.782816,23035,3447,57,289,2026-05-08T18:51:51+08:00,2026-05-08T19:49:18+08:00
2026-05-08 19:51:51.782816,23035,3447,57,289,2026-05-08T19:51:51+08:00,2026-05-08T20:49:18+08:00
2026-05-08 20:51:51.782816,23035,3434,17,60,2026-05-08T20:51:51+08:00,2026-05-08T21:49:05+08:00
2026-05-08 21:51:51.782816,23035,3447,57,289,2026-05-08T21:51:51+08:00,2026-05-08T22:49:18+08:00
2026-05-08 22:51:51.782816,23035,3434,17,60,2026-05-08T22:51:51+08:00,2026-05-08T23:49:05+08:00
2026-05-08 23:51:51.782816,23035,3434,17,60,2026-05-08T23:51:51+08:00,2026-05-09T00:49:05+08:00
2026-05-09 00:51:51.782816,23035,3447,57,289,2026-05-09T00:51:51+08:00,2026-05-09T01:49:18+08:00
2026-05-09 01:51:51.782816,23035,3447,57,289,2026-05-09T01:51:51+08:00,2026-05-09T02:49:18+08:00
2026-05-09 02:51:51.782816,23035,3447,57,289,2026-05-09T02:51:51+08:00,2026-05-09T03:49:18+08:00
2026-05-09 03:51:51.782816,23035,3447,57,289,2026-05-09T03:51:51+08:00,2026-05-09T04:49:18+08:00
2026-05-09 04:51:51.782816,23035,3447,57,289,2026-05-09T04:51:51+08:00,2026-05-09T05:49:18+08:00
2026-05-09 05:51:51.782816,23035,3447,57,289,2026-05-09T05:51:51+08:00,2026-05-09T06:49:18+08:00
2026-05-09 06:51:51.782816,23035,3447,57,289,2026-05-09T06:51:51+08:00,2026-05-09T07:49:18+08:00
2026-05-09 07:51:51.782816,23035,3447,57,289,2026-05-09T07:51:51+08:00,2026-05-09T08:49:18+08:00
2026-05-09 08:51:51.782816,23035,3447,57,289,2026-05-09T08:51:51+08:00,2026-05-09T09:49:18+08:00
2026-05-09 09:51:51.782816,23035,3432,23,116,2026-05-09T09:51:51+08:00,2026-05-09T10:49:03+08:00
2026-05-09 10:51:51.782816,23035,3432,23,116,2026-05-09T10:51:51+08:00,2026-05-09T11:49:03+08:00
2026-05-09 11:51:51.782816,23035,3432,23,116,2026-05-09T11:51:51+08:00,2026-05-09T12:49:03+08:00
2026-05-09 12:51:51.782816,23035,3432,23,116,2026-05-09T12:51:51+08:00,2026-05-09T13:49:03+08:00
2026-05-09 13:51:51.782816,23035,3432,23,116,2026-05-09T13:51:51+08:00,2026-05-09T14:49:03+08:00
2026-05-09 15:51:51.782816,23035,3441,46,231,2026-05-09T15:51:51+08:00,2026-05-09T16:49:12+08:00
2026-05-09 16:51:51.782816,23035,3429,12,60,2026-05-09T16:51:51+08:00,2026-05-09T17:49:00+08:00
2026-05-09 17:51:51.782816,23035,3429,12,60,2026-05-09T17:51:51+08:00,2026-05-09T18:49:00+08:00
2026-05-09 18:51:51.782816,23035,3441,46,231,2026-05-09T18:51:51+08:00,2026-05-09T19:49:12+08:00
2026-05-09 19:51:51.782816,23035,3429,12,60,2026-05-09T19:51:51+08:00,2026-05-09T20:49:00+08:00
2026-05-09 20:51:51.782816,23035,3429,12,60,2026-05-09T20:51:51+08:00,2026-05-09T21:49:00+08:00
2026-05-09 21:51:51.782816,23035,3429,12,60,2026-05-09T21:51:51+08:00,2026-05-09T22:49:00+08:00
2026-05-09 22:51:51.782816,23035,3442,46,231,2026-05-09T22:51:51+08:00,2026-05-09T23:49:13+08:00
2026-05-09 23:51:51.782816,23035,3442,46,231,2026-05-09T23:51:51+08:00,2026-05-10T00:49:13+08:00
2026-05-10 00:51:51.782816,23035,3442,46,231,2026-05-10T00:51:51+08:00,2026-05-10T01:49:13+08:00
2026-05-10 01:51:51.782816,23035,3442,46,231,2026-05-10T01:51:51+08:00,2026-05-10T02:49:13+08:00
2026-05-10 02:51:51.782816,23035,3429,12,60,2026-05-10T02:51:51+08:00,2026-05-10T03:49:00+08:00
2026-05-10 03:51:51.782816,23035,3442,46,231,2026-05-10T03:51:51+08:00,2026-05-10T04:49:13+08:00
2026-05-10 04:51:51.782816,23035,3442,46,231,2026-05-10T04:51:51+08:00,2026-05-10T05:49:13+08:00
2026-05-10 05:51:51.782816,23035,3442,46,231,2026-05-10T05:51:51+08:00,2026-05-10T06:49:13+08:00
2026-05-10 06:51:51.782816,23035,3442,46,231,2026-05-10T06:51:51+08:00,2026-05-10T07:49:13+08:00
2026-05-10 07:51:51.782816,23035,3442,46,231,2026-05-10T07:51:51+08:00,2026-05-10T08:49:13+08:00
2026-05-10 08:51:51.782816,23035,3423,0,0,2026-05-10T08:51:51+08:00,2026-05-10T09:48:54+08:00
2026-05-10 09:51:51.782816,23035,3442,46,231,2026-05-10T09:51:51+08:00,2026-05-10T10:49:13+08:00
2026-05-10 10:51:51.782816,23035,3423,0,0,2026-05-10T10:51:51+08:00,2026-05-10T11:48:54+08:00
2026-05-10 11:51:51.782816,23035,3427,11,58,2026-05-10T11:51:51+08:00,2026-05-10T12:48:58+08:00
2026-05-10 12:51:51.782816,23035,3427,11,58,2026-05-10T12:51:51+08:00,2026-05-10T13:48:58+08:00
2026-05-10 13:51:51.782816,23035,3427,11,58,2026-05-10T13:51:51+08:00,2026-05-10T14:48:58+08:00
2026-05-10 14:51:51.782816,23035,3427,11,58,2026-05-10T14:51:51+08:00,2026-05-10T15:48:58+08:00
2026-05-10 15:51:51.782816,23035,3427,7,34,2026-05-10T15:51:51+08:00,2026-05-10T16:48:58+08:00
2026-05-10 16:51:51.782816,23035,3427,7,34,2026-05-10T16:51:51+08:00,2026-05-10T17:48:58+08:00
2026-05-10 17:51:51.782816,23035,3427,7,34,2026-05-10T17:51:51+08:00,2026-05-10T18:48:58+08:00
2026-05-10 18:51:51.782816,23035,3427,7,34,2026-05-10T18:51:51+08:00,2026-05-10T19:48:58+08:00
2026-05-10 19:51:51.782816,23035,3427,7,34,2026-05-10T19:51:51+08:00,2026-05-10T20:48:58+08:00
2026-05-10 20:51:51.782816,23035,3448,57,289,2026-05-10T20:51:51+08:00,2026-05-10T21:49:19+08:00
2026-05-10 21:51:51.782816,23035,3427,7,34,2026-05-10T21:51:51+08:00,2026-05-10T22:48:58+08:00
2026-05-10 22:51:51.782816,23035,3427,7,34,2026-05-10T22:51:51+08:00,2026-05-10T23:48:58+08:00
2026-05-10 23:51:51.782816,23035,3424,0,2,2026-05-10T23:51:51+08:00,2026-05-11T00:48:55+08:00
2026-05-11 00:51:51.782816,23035,3424,0,2,2026-05-11T00:51:51+08:00,2026-05-11T01:48:55+08:00
2026-05-11 01:51:51.782816,23035,3449,57,289,2026-05-11T01:51:51+08:00,2026-05-11T02:49:20+08:00
2026-05-11 02:51:51.782816,23035,3424,0,2,2026-05-11T02:51:51+08:00,2026-05-11T03:48:55+08:00
2026-05-11 03:51:51.782816,23035,3449,57,289,2026-05-11T03:51:51+08:00,2026-05-11T04:49:20+08:00
2026-05-11 04:51:51.782816,23035,3424,0,2,2026-05-11T04:51:51+08:00,2026-05-11T05:48:55+08:00
2026-05-11 05:51:51.782816,23035,3449,57,289,2026-05-11T05:51:51+08:00,2026-05-11T06:49:20+08:00
2026-05-11 06:51:51.782816,23035,3449,57,289,2026-05-11T06:51:51+08:00,2026-05-11T07:49:20+08:00
2026-05-11 07:51:51.782816,23035,3424,0,2,2026-05-11T07:51:51+08:00,2026-05-11T08:48:55+08:00
2026-05-11 08:51:51.782816,23035,3449,57,289,2026-05-11T08:51:51+08:00,2026-05-11T09:49:20+08:00
2026-05-11 09:51:51.782816,23035,3449,57,289,2026-05-11T09:51:51+08:00,2026-05-11T10:49:20+08:00
2026-05-11 10:51:51.782816,23035,3449,57,289,2026-05-11T10:51:51+08:00,2026-05-11T11:49:20+08:00
2026-05-11 11:51:51.782816,23035,3434,23,116,2026-05-11T11:51:51+08:00,2026-05-11T12:49:05+08:00
2026-05-11 12:51:51.782816,23035,3434,23,116,2026-05-11T12:51:51+08:00,2026-05-11T13:49:05+08:00
2026-05-11 13:51:51.782816,23035,3434,23,116,2026-05-11T13:51:51+08:00,2026-05-11T14:49:05+08:00
2026-05-11 14:51:51.782816,23035,3434,23,116,2026-05-11T14:51:51+08:00,2026-05-11T15:49:05+08:00
2026-05-11 15:51:51.782816,23035,3434,23,116,2026-05-11T15:51:51+08:00,2026-05-11T16:49:05+08:00
2026-05-11 17:51:51.782816,23035,3449,57,289,2026-05-11T17:51:51+08:00,2026-05-11T18:49:20+08:00
2026-05-11 18:51:51.782816,23035,3449,57,289,2026-05-11T18:51:51+08:00,2026-05-11T19:49:20+08:00
2026-05-11 19:51:51.782816,23035,3430,12,60,2026-05-11T19:51:51+08:00,2026-05-11T20:49:01+08:00
2026-05-11 20:51:51.782816,23035,3430,12,60,2026-05-11T20:51:51+08:00,2026-05-11T21:49:01+08:00
2026-05-11 21:51:51.782816,23035,3430,12,60,2026-05-11T21:51:51+08:00,2026-05-11T22:49:01+08:00
2026-05-11 22:51:51.782816,23035,3430,12,60,2026-05-11T22:51:51+08:00,2026-05-11T23:49:01+08:00
2026-05-11 23:51:51.782816,23035,3430,12,60,2026-05-11T23:51:51+08:00,2026-05-12T00:49:01+08:00
2026-05-12 00:51:51.782816,23035,3430,12,60,2026-05-12T00:51:51+08:00,2026-05-12T01:49:01+08:00
2026-05-12 01:51:51.782816,23035,3430,12,60,2026-05-12T01:51:51+08:00,2026-05-12T02:49:01+08:00
2026-05-12 02:51:51.782816,23035,3449,57,289,2026-05-12T02:51:51+08:00,2026-05-12T03:49:20+08:00
2026-05-12 03:51:51.782816,23035,3449,57,289,2026-05-12T03:51:51+08:00,2026-05-12T04:49:20+08:00
2026-05-12 04:51:51.782816,23035,3449,57,289,2026-05-12T04:51:51+08:00,2026-05-12T05:49:20+08:00
2026-05-12 05:51:51.782816,23035,3449,57,289,2026-05-12T05:51:51+08:00,2026-05-12T06:49:20+08:00
2026-05-12 06:51:51.782816,23035,3449,57,289,2026-05-12T06:51:51+08:00,2026-05-12T07:49:20+08:00
2026-05-12 07:51:51.782816,23035,3449,57,289,2026-05-12T07:51:51+08:00,2026-05-12T08:49:20+08:00
2026-05-12 08:51:51.782816,23035,3449,57,289,2026-05-12T08:51:51+08:00,2026-05-12T09:49:20+08:00
2026-05-12 09:51:51.782816,23035,3430,12,60,2026-05-12T09:51:51+08:00,2026-05-12T10:49:01+08:00
2026-05-12 10:51:51.782816,23035,3434,23,116,2026-05-12T10:51:51+08:00,2026-05-12T11:49:05+08:00
2026-05-12 11:51:51.782816,23035,3434,23,116,2026-05-12T11:51:51+08:00,2026-05-12T12:49:05+08:00
2026-05-12 13:51:51.782816,23035,3433,18,92,2026-05-12T13:51:51+08:00,2026-05-12T14:49:04+08:00
2026-05-12 14:51:51.782816,23035,3433,18,92,2026-05-12T14:51:51+08:00,2026-05-12T15:49:04+08:00
2026-05-12 15:51:51.782816,23035,3473,81,289,2026-05-12T15:51:51+08:00,2026-05-12T16:49:44+08:00
2026-05-12 16:51:51.782816,23035,3431,12,60,2026-05-12T16:51:51+08:00,2026-05-12T17:49:02+08:00
2026-05-12 17:51:51.782816,23035,3431,12,60,2026-05-12T17:51:51+08:00,2026-05-12T18:49:02+08:00
2026-05-12 18:51:51.782816,23035,3431,12,60,2026-05-12T18:51:51+08:00,2026-05-12T19:49:02+08:00
2026-05-12 19:51:51.782816,23035,3473,81,289,2026-05-12T19:51:51+08:00,2026-05-12T20:49:44+08:00
2026-05-12 20:51:51.782816,23035,3443,33,116,2026-05-12T20:51:51+08:00,2026-05-12T21:49:14+08:00
2026-05-12 21:51:51.782816,23035,3443,33,116,2026-05-12T21:51:51+08:00,2026-05-12T22:49:14+08:00
2026-05-12 22:51:51.782816,23035,3431,12,60,2026-05-12T22:51:51+08:00,2026-05-12T23:49:02+08:00
2026-05-12 23:51:51.782816,23035,3444,33,116,2026-05-12T23:51:51+08:00,2026-05-13T00:49:15+08:00
2026-05-13 00:51:51.782816,23035,3431,12,60,2026-05-13T00:51:51+08:00,2026-05-13T01:49:02+08:00
2026-05-13 01:51:51.782816,23035,3431,12,60,2026-05-13T01:51:51+08:00,2026-05-13T02:49:02+08:00
2026-05-13 02:51:51.782816,23035,3444,33,116,2026-05-13T02:51:51+08:00,2026-05-13T03:49:15+08:00
2026-05-13 03:51:51.782816,23035,3444,33,116,2026-05-13T03:51:51+08:00,2026-05-13T04:49:15+08:00
2026-05-13 04:51:51.782816,23035,3444,33,116,2026-05-13T04:51:51+08:00,2026-05-13T05:49:15+08:00
2026-05-13 05:51:51.782816,23035,3444,33,116,2026-05-13T05:51:51+08:00,2026-05-13T06:49:15+08:00
2026-05-13 06:51:51.782816,23035,3442,26,92,2026-05-13T06:51:51+08:00,2026-05-13T07:49:13+08:00
2026-05-13 07:51:51.782816,23035,3442,26,92,2026-05-13T07:51:51+08:00,2026-05-13T08:49:13+08:00
2026-05-13 08:51:51.782816,23035,3442,26,92,2026-05-13T08:51:51+08:00,2026-05-13T09:49:13+08:00
2026-05-13 09:51:51.782816,23035,3442,26,92,2026-05-13T09:51:51+08:00,2026-05-13T10:49:13+08:00
2026-05-13 10:51:51.782816,23035,3442,26,92,2026-05-13T10:51:51+08:00,2026-05-13T11:49:13+08:00
2026-05-13 11:51:51.782816,23035,3442,26,92,2026-05-13T11:51:51+08:00,2026-05-13T12:49:13+08:00
2026-05-13 12:51:51.782816,23035,3442,26,92,2026-05-13T12:51:51+08:00,2026-05-13T13:49:13+08:00
2026-05-13 13:51:51.782816,23035,3442,26,92,2026-05-13T13:51:51+08:00,2026-05-13T14:49:13+08:00
2026-05-13 14:51:51.782816,23035,3442,26,92,2026-05-13T14:51:51+08:00,2026-05-13T15:49:13+08:00
2026-05-13 15:51:51.782816,23035,3442,26,92,2026-05-13T15:51:51+08:00,2026-05-13T16:49:13+08:00
2026-05-13 16:51:51.782816,23035,3442,26,92,2026-05-13T16:51:51+08:00,2026-05-13T17:49:13+08:00
2026-05-13 17:51:51.782816,23035,3436,17,60,2026-05-13T17:51:51+08:00,2026-05-13T18:49:07+08:00
2026-05-13 18:51:51.782816,23035,3436,17,60,2026-05-13T18:51:51+08:00,2026-05-13T19:49:07+08:00
2026-05-13 19:51:51.782816,23035,3449,43,173,2026-05-13T19:51:51+08:00,2026-05-13T20:49:20+08:00
2026-05-13 20:51:51.782816,23035,3436,17,60,2026-05-13T20:51:51+08:00,2026-05-13T21:49:07+08:00
2026-05-13 21:51:51.782816,23035,3436,17,60,2026-05-13T21:51:51+08:00,2026-05-13T22:49:07+08:00
2026-05-13 22:51:51.782816,23035,3436,17,60,2026-05-13T22:51:51+08:00,2026-05-13T23:49:07+08:00
2026-05-13 23:51:51.782816,23035,3449,43,173,2026-05-13T23:51:51+08:00,2026-05-14T00:49:20+08:00
2026-05-14 00:51:51.782816,23035,3436,17,60,2026-05-14T00:51:51+08:00,2026-05-14T01:49:07+08:00
2026-05-14 01:51:51.782816,23035,3449,43,173,2026-05-14T01:51:51+08:00,2026-05-14T02:49:20+08:00
2026-05-14 02:51:51.782816,23035,3449,43,173,2026-05-14T02:51:51+08:00,2026-05-14T03:49:20+08:00
2026-05-14 03:51:51.782816,23035,3449,43,173,2026-05-14T03:51:51+08:00,2026-05-14T04:49:20+08:00
2026-05-14 04:51:51.782816,23035,3436,17,60,2026-05-14T04:51:51+08:00,2026-05-14T05:49:07+08:00
2026-05-14 05:51:51.782816,23035,3449,43,173,2026-05-14T05:51:51+08:00,2026-05-14T06:49:20+08:00
2026-05-14 06:51:51.782816,23035,3449,43,173,2026-05-14T06:51:51+08:00,2026-05-14T07:49:20+08:00
2026-05-14 07:51:51.782816,23035,3449,43,173,2026-05-14T07:51:51+08:00,2026-05-14T08:49:20+08:00
2026-05-14 08:51:51.782816,23035,3449,43,173,2026-05-14T08:51:51+08:00,2026-05-14T09:49:20+08:00
2026-05-14 09:51:51.782816,23035,3449,43,173,2026-05-14T09:51:51+08:00,2026-05-14T10:49:20+08:00
2026-05-14 10:51:51.782816,23035,3436,17,60,2026-05-14T10:51:51+08:00,2026-05-14T11:49:07+08:00
2026-05-14 11:51:51.782816,23035,3449,43,173,2026-05-14T11:51:51+08:00,2026-05-14T12:49:20+08:00
2026-05-14 12:51:51.782816,23035,3449,43,173,2026-05-14T12:51:51+08:00,2026-05-14T13:49:20+08:00
2026-05-14 13:51:51.782816,23035,3449,43,173,2026-05-14T13:51:51+08:00,2026-05-14T14:49:20+08:00
2026-05-14 14:51:51.782816,23035,3449,43,173,2026-05-14T14:51:51+08:00,2026-05-14T15:49:20+08:00
2026-05-14 15:51:51.782816,23035,3449,43,173,2026-05-14T15:51:51+08:00,2026-05-14T16:49:20+08:00
2026-05-14 16:51:51.782816,23035,3449,43,173,2026-05-14T16:51:51+08:00,2026-05-14T17:49:20+08:00
2026-05-14 17:51:51.782816,23035,3449,43,173,2026-05-14T17:51:51+08:00,2026-05-14T18:49:20+08:00
2026-05-14 18:51:51.782816,23035,3449,43,173,2026-05-14T18:51:51+08:00,2026-05-14T19:49:20+08:00
2026-05-14 19:51:51.782816,23035,3449,43,173,2026-05-14T19:51:51+08:00,2026-05-14T20:49:20+08:00
2026-05-14 20:51:51.782816,23035,3449,43,173,2026-05-14T20:51:51+08:00,2026-05-14T21:49:20+08:00
2026-05-14 21:51:51.782816,23035,3449,43,173,2026-05-14T21:51:51+08:00,2026-05-14T22:49:20+08:00
2026-05-14 22:51:51.782816,23035,3449,43,173,2026-05-14T22:51:51+08:00,2026-05-14T23:49:20+08:00
2026-05-14 23:51:51.782816,23035,3425,0,0,2026-05-14T23:51:51+08:00,2026-05-15T00:48:56+08:00
2026-05-15 01:51:51.782816,23035,3425,0,0,2026-05-15T01:51:51+08:00,2026-05-15T02:48:56+08:00
2026-05-15 02:51:51.782816,23035,3425,0,0,2026-05-15T02:51:51+08:00,2026-05-15T03:48:56+08:00
2026-05-15 03:51:51.782816,23035,3425,0,0,2026-05-15T03:51:51+08:00,2026-05-15T04:48:56+08:00
2026-05-15 04:51:51.782816,23035,3425,0,0,2026-05-15T04:51:51+08:00,2026-05-15T05:48:56+08:00
2026-05-15 05:51:51.782816,23035,3425,0,0,2026-05-15T05:51:51+08:00,2026-05-15T06:48:56+08:00
2026-05-15 06:51:51.782816,23035,3425,0,0,2026-05-15T06:51:51+08:00,2026-05-15T07:48:56+08:00
2026-05-15 07:51:51.782816,23035,3425,0,0,2026-05-15T07:51:51+08:00,2026-05-15T08:48:56+08:00
2026-05-15 08:51:51.782816,23035,3425,0,0,2026-05-15T08:51:51+08:00,2026-05-15T09:48:56+08:00
2026-05-15 09:51:51.782816,23035,3425,0,0,2026-05-15T09:51:51+08:00,2026-05-15T10:48:56+08:00
2026-05-15 10:51:51.782816,23035,3425,0,0,2026-05-15T10:51:51+08:00,2026-05-15T11:48:56+08:00
2026-05-15 11:51:51.782816,23035,3425,0,0,2026-05-15T11:51:51+08:00,2026-05-15T12:48:56+08:00
2026-05-15 12:51:51.782816,23035,3425,0,0,2026-05-15T12:51:51+08:00,2026-05-15T13:48:56+08:00
2026-05-15 13:51:51.782816,23035,3425,0,0,2026-05-15T13:51:51+08:00,2026-05-15T14:48:56+08:00
2026-05-15 14:51:51.782816,23035,3425,0,0,2026-05-15T14:51:51+08:00,2026-05-15T15:48:56+08:00
2026-05-15 15:51:51.782816,23035,3425,0,0,2026-05-15T15:51:51+08:00,2026-05-15T16:48:56+08:00
2026-05-15 16:51:51.782816,23035,3425,0,0,2026-05-15T16:51:51+08:00,2026-05-15T17:48:56+08:00
2026-05-15 17:51:51.782816,23035,3425,0,0,2026-05-15T17:51:51+08:00,2026-05-15T18:48:56+08:00
2026-05-15 18:51:51.782816,23035,3425,0,0,2026-05-15T18:51:51+08:00,2026-05-15T19:48:56+08:00
2026-05-15 19:51:51.782816,23035,3425,0,0,2026-05-15T19:51:51+08:00,2026-05-15T20:48:56+08:00
2026-05-15 20:51:51.782816,23035,3425,0,0,2026-05-15T20:51:51+08:00,2026-05-15T21:48:56+08:00
2026-05-15 21:51:51.782816,23035,3425,0,0,2026-05-15T21:51:51+08:00,2026-05-15T22:48:56+08:00
2026-05-15 22:51:51.782816,23035,3425,0,0,2026-05-15T22:51:51+08:00,2026-05-15T23:48:56+08:00
2026-05-15 23:51:51.782816,23035,3425,0,0,2026-05-15T23:51:51+08:00,2026-05-16T00:48:56+08:00
2026-05-16 00:51:51.782816,23035,3425,0,0,2026-05-16T00:51:51+08:00,2026-05-16T01:48:56+08:00
2026-05-16 01:51:51.782816,23035,3425,0,0,2026-05-16T01:51:51+08:00,2026-05-16T02:48:56+08:00
2026-05-16 02:51:51.782816,23035,3425,0,0,2026-05-16T02:51:51+08:00,2026-05-16T03:48:56+08:00
2026-05-16 03:51:51.782816,23035,3425,0,0,2026-05-16T03:51:51+08:00,2026-05-16T04:48:56+08:00
2026-05-16 04:51:51.782816,23035,3425,0,0,2026-05-16T04:51:51+08:00,2026-05-16T05:48:56+08:00
2026-05-16 05:51:51.782816,23035,3425,0,0,2026-05-16T05:51:51+08:00,2026-05-16T06:48:56+08:00
2026-05-16 06:51:51.782816,23035,3425,0,0,2026-05-16T06:51:51+08:00,2026-05-16T07:48:56+08:00
2026-05-16 07:51:51.782816,23035,3425,0,0,2026-05-16T07:51:51+08:00,2026-05-16T08:48:56+08:00
2026-05-16 08:51:51.782816,23035,3425,0,0,2026-05-16T08:51:51+08:00,2026-05-16T09:48:56+08:00
2026-05-16 09:51:51.782816,23035,3425,0,0,2026-05-16T09:51:51+08:00,2026-05-16T10:48:56+08:00
2026-05-16 10:51:51.782816,23035,3425,0,0,2026-05-16T10:51:51+08:00,2026-05-16T11:48:56+08:00
2026-05-16 11:51:51.782816,23035,3425,0,0,2026-05-16T11:51:51+08:00,2026-05-16T12:48:56+08:00
2026-05-16 12:51:51.782816,23035,3425,0,0,2026-05-16T12:51:51+08:00,2026-05-16T13:48:56+08:00
2026-05-16 13:51:51.782816,23035,3425,0,0,2026-05-16T13:51:51+08:00,2026-05-16T14:48:56+08:00
2026-05-16 14:51:51.782816,23035,3425,0,0,2026-05-16T14:51:51+08:00,2026-05-16T15:48:56+08:00
2026-05-16 15:51:51.782816,23035,3425,0,0,2026-05-16T15:51:51+08:00,2026-05-16T16:48:56+08:00
2026-05-16 16:51:51.782816,23035,3425,0,0,2026-05-16T16:51:51+08:00,2026-05-16T17:48:56+08:00
2026-05-16 17:51:51.782816,23035,3425,0,0,2026-05-16T17:51:51+08:00,2026-05-16T18:48:56+08:00
2026-05-16 18:51:51.782816,23035,3425,0,0,2026-05-16T18:51:51+08:00,2026-05-16T19:48:56+08:00
2026-05-16 19:51:51.782816,23035,3425,0,0,2026-05-16T19:51:51+08:00,2026-05-16T20:48:56+08:00
2026-05-16 20:51:51.782816,23035,3425,0,0,2026-05-16T20:51:51+08:00,2026-05-16T21:48:56+08:00
2026-05-16 21:51:51.782816,23035,3425,0,0,2026-05-16T21:51:51+08:00,2026-05-16T22:48:56+08:00
2026-05-16 22:51:51.782816,23035,3425,0,0,2026-05-16T22:51:51+08:00,2026-05-16T23:48:56+08:00
2026-05-16 23:51:51.782816,23035,3425,0,0,2026-05-16T23:51:51+08:00,2026-05-17T00:48:56+08:00
2026-05-17 00:51:51.782816,23035,3425,0,0,2026-05-17T00:51:51+08:00,2026-05-17T01:48:56+08:00
2026-05-17 01:51:51.782816,23035,3425,0,0,2026-05-17T01:51:51+08:00,2026-05-17T02:48:56+08:00
2026-05-17 02:51:51.782816,23035,3425,0,0,2026-05-17T02:51:51+08:00,2026-05-17T03:48:56+08:00
2026-05-17 03:51:51.782816,23035,3425,0,0,2026-05-17T03:51:51+08:00,2026-05-17T04:48:56+08:00
2026-05-17 04:51:51.782816,23035,3425,0,0,2026-05-17T04:51:51+08:00,2026-05-17T05:48:56+08:00
2026-05-17 05:51:51.782816,23035,3425,0,0,2026-05-17T05:51:51+08:00,2026-05-17T06:48:56+08:00
2026-05-17 06:51:51.782816,23035,3425,0,0,2026-05-17T06:51:51+08:00,2026-05-17T07:48:56+08:00
2026-05-17 07:51:51.782816,23035,3425,0,0,2026-05-17T07:51:51+08:00,2026-05-17T08:48:56+08:00
2026-05-17 08:51:51.782816,23035,3425,0,0,2026-05-17T08:51:51+08:00,2026-05-17T09:48:56+08:00
2026-05-17 09:51:51.782816,23035,3425,0,0,2026-05-17T09:51:51+08:00,2026-05-17T10:48:56+08:00
2026-05-17 10:51:51.782816,23035,3425,0,0,2026-05-17T10:51:51+08:00,2026-05-17T11:48:56+08:00
2026-05-17 11:51:51.782816,23035,3425,0,0,2026-05-17T11:51:51+08:00,2026-05-17T12:48:56+08:00
2026-05-17 12:51:51.782816,23035,3425,0,0,2026-05-17T12:51:51+08:00,2026-05-17T13:48:56+08:00
2026-05-17 13:51:51.782816,23035,3425,0,0,2026-05-17T13:51:51+08:00,2026-05-17T14:48:56+08:00
2026-05-17 14:51:51.782816,23035,3425,0,0,2026-05-17T14:51:51+08:00,2026-05-17T15:48:56+08:00
2026-05-17 15:51:51.782816,23035,3425,0,0,2026-05-17T15:51:51+08:00,2026-05-17T16:48:56+08:00
2026-05-17 16:51:51.782816,23035,3425,0,0,2026-05-17T16:51:51+08:00,2026-05-17T17:48:56+08:00
2026-05-17 17:51:51.782816,23035,3425,0,0,2026-05-17T17:51:51+08:00,2026-05-17T18:48:56+08:00
2026-05-17 18:51:51.782816,23035,3425,0,0,2026-05-17T18:51:51+08:00,2026-05-17T19:48:56+08:00
2026-05-17 19:51:51.782816,23035,3425,0,0,2026-05-17T19:51:51+08:00,2026-05-17T20:48:56+08:00
2026-05-17 20:51:51.782816,23035,3425,0,0,2026-05-17T20:51:51+08:00,2026-05-17T21:48:56+08:00
2026-05-17 21:51:51.782816,23035,3425,0,0,2026-05-17T21:51:51+08:00,2026-05-17T22:48:56+08:00
2026-05-17 22:51:51.782816,23035,3425,0,0,2026-05-17T22:51:51+08:00,2026-05-17T23:48:56+08:00
2026-05-17 23:51:51.782816,23035,3425,0,0,2026-05-17T23:51:51+08:00,2026-05-18T00:48:56+08:00
2026-05-18 00:51:51.782816,23035,3425,0,0,2026-05-18T00:51:51+08:00,2026-05-18T01:48:56+08:00
2026-05-18 01:51:51.782816,23035,3425,0,0,2026-05-18T01:51:51+08:00,2026-05-18T02:48:56+08:00
2026-05-18 02:51:51.782816,23035,3425,0,0,2026-05-18T02:51:51+08:00,2026-05-18T03:48:56+08:00
2026-05-18 03:51:51.782816,23035,3425,0,0,2026-05-18T03:51:51+08:00,2026-05-18T04:48:56+08:00
2026-05-18 04:51:51.782816,23035,3425,0,0,2026-05-18T04:51:51+08:00,2026-05-18T05:48:56+08:00
2026-05-18 05:51:51.782816,23035,3425,0,0,2026-05-18T05:51:51+08:00,2026-05-18T06:48:56+08:00
2026-05-18 06:51:51.782816,23035,3425,0,0,2026-05-18T06:51:51+08:00,2026-05-18T07:48:56+08:00
2026-05-18 07:51:51.782816,23035,3425,0,0,2026-05-18T07:51:51+08:00,2026-05-18T08:48:56+08:00
2026-05-18 08:51:51.782816,23035,3425,0,0,2026-05-18T08:51:51+08:00,2026-05-18T09:48:56+08:00
2026-05-18 09:51:51.782816,23035,3425,0,0,2026-05-18T09:51:51+08:00,2026-05-18T10:48:56+08:00
2026-05-18 10:51:51.782816,23035,3426,0,0,2026-05-18T10:51:51+08:00,2026-05-18T11:48:57+08:00
2026-05-18 11:51:51.782816,23035,3426,0,0,2026-05-18T11:51:51+08:00,2026-05-18T12:48:57+08:00
2026-05-18 12:51:51.782816,23035,3426,0,0,2026-05-18T12:51:51+08:00,2026-05-18T13:48:57+08:00
2026-05-18 13:51:51.782816,23035,3426,0,0,2026-05-18T13:51:51+08:00,2026-05-18T14:48:57+08:00
2026-05-18 14:51:51.782816,23035,3426,0,0,2026-05-18T14:51:51+08:00,2026-05-18T15:48:57+08:00
2026-05-18 15:51:51.782816,23035,3426,0,0,2026-05-18T15:51:51+08:00,2026-05-18T16:48:57+08:00
2026-05-18 16:51:51.782816,23035,3426,0,0,2026-05-18T16:51:51+08:00,2026-05-18T17:48:57+08:00
2026-05-18 17:51:51.782816,23035,3426,0,0,2026-05-18T17:51:51+08:00,2026-05-18T18:48:57+08:00
2026-05-18 18:51:51.782816,23035,3426,0,0,2026-05-18T18:51:51+08:00,2026-05-18T19:48:57+08:00
2026-05-18 19:51:51.782816,23035,3426,0,0,2026-05-18T19:51:51+08:00,2026-05-18T20:48:57+08:00
2026-05-18 20:51:51.782816,23035,3426,0,0,2026-05-18T20:51:51+08:00,2026-05-18T21:48:57+08:00
2026-05-18 21:51:51.782816,23035,3426,0,0,2026-05-18T21:51:51+08:00,2026-05-18T22:48:57+08:00
2026-05-18 22:51:51.782816,23035,3426,0,0,2026-05-18T22:51:51+08:00,2026-05-18T23:48:57+08:00
2026-05-18 23:51:51.782816,23035,3426,0,0,2026-05-18T23:51:51+08:00,2026-05-19T00:48:57+08:00
2026-05-19 00:51:51.782816,23035,3426,0,0,2026-05-19T00:51:51+08:00,2026-05-19T01:48:57+08:00
2026-05-19 01:51:51.782816,23035,3426,0,0,2026-05-19T01:51:51+08:00,2026-05-19T02:48:57+08:00
2026-05-19 02:51:51.782816,23035,3426,0,0,2026-05-19T02:51:51+08:00,2026-05-19T03:48:57+08:00
2026-05-19 03:51:51.782816,23035,3426,0,0,2026-05-19T03:51:51+08:00,2026-05-19T04:48:57+08:00
2026-05-19 04:51:51.782816,23035,3426,0,0,2026-05-19T04:51:51+08:00,2026-05-19T05:48:57+08:00
2026-05-19 05:51:51.782816,23035,3426,0,0,2026-05-19T05:51:51+08:00,2026-05-19T06:48:57+08:00
2026-05-19 06:51:51.782816,23035,3426,0,0,2026-05-19T06:51:51+08:00,2026-05-19T07:48:57+08:00
2026-05-19 07:51:51.782816,23035,3426,0,0,2026-05-19T07:51:51+08:00,2026-05-19T08:48:57+08:00
2026-05-19 08:51:51.782816,23035,3426,0,0,2026-05-19T08:51:51+08:00,2026-05-19T09:48:57+08:00
2026-05-19 09:51:51.782816,23035,3426,0,0,2026-05-19T09:51:51+08:00,2026-05-19T10:48:57+08:00
2026-05-19 10:51:51.782816,23035,3426,0,0,2026-05-19T10:51:51+08:00,2026-05-19T11:48:57+08:00
2026-05-19 11:51:51.782816,23035,3426,0,0,2026-05-19T11:51:51+08:00,2026-05-19T12:48:57+08:00
2026-05-19 12:51:51.782816,23035,3426,0,0,2026-05-19T12:51:51+08:00,2026-05-19T13:48:57+08:00
2026-05-19 13:51:51.782816,23035,3426,0,0,2026-05-19T13:51:51+08:00,2026-05-19T14:48:57+08:00
2026-05-19 14:51:51.782816,23035,3426,0,0,2026-05-19T14:51:51+08:00,2026-05-19T15:48:57+08:00
2026-05-19 15:51:51.782816,23035,3426,0,0,2026-05-19T15:51:51+08:00,2026-05-19T16:48:57+08:00
2026-05-19 16:51:51.782816,23035,3426,0,0,2026-05-19T16:51:51+08:00,2026-05-19T17:48:57+08:00
2026-05-19 17:51:51.782816,23035,3426,0,0,2026-05-19T17:51:51+08:00,2026-05-19T18:48:57+08:00
2026-05-19 18:51:51.782816,23035,3426,0,0,2026-05-19T18:51:51+08:00,2026-05-19T19:48:57+08:00
2026-05-19 19:51:51.782816,23035,3426,0,0,2026-05-19T19:51:51+08:00,2026-05-19T20:48:57+08:00
2026-05-19 20:51:51.782816,23035,3426,0,0,2026-05-19T20:51:51+08:00,2026-05-19T21:48:57+08:00
2026-05-19 21:51:51.782816,23035,3426,0,0,2026-05-19T21:51:51+08:00,2026-05-19T22:48:57+08:00
2026-05-19 22:51:51.782816,23035,3426,0,0,2026-05-19T22:51:51+08:00,2026-05-19T23:48:57+08:00
2026-05-19 23:51:51.782816,23035,3426,0,0,2026-05-19T23:51:51+08:00,2026-05-20T00:48:57+08:00
2026-05-20 00:51:51.782816,23035,3426,0,0,2026-05-20T00:51:51+08:00,2026-05-20T01:48:57+08:00
2026-05-20 01:51:51.782816,23035,3426,0,0,2026-05-20T01:51:51+08:00,2026-05-20T02:48:57+08:00
2026-05-20 02:51:51.782816,23035,3426,0,0,2026-05-20T02:51:51+08:00,2026-05-20T03:48:57+08:00
2026-05-20 03:51:51.782816,23035,3426,0,0,2026-05-20T03:51:51+08:00,2026-05-20T04:48:57+08:00
2026-05-20 04:51:51.782816,23035,3426,0,0,2026-05-20T04:51:51+08:00,2026-05-20T05:48:57+08:00
2026-05-20 05:51:51.782816,23035,3426,0,0,2026-05-20T05:51:51+08:00,2026-05-20T06:48:57+08:00
2026-05-20 06:51:51.782816,23035,3426,0,0,2026-05-20T06:51:51+08:00,2026-05-20T07:48:57+08:00
2026-05-20 07:51:51.782816,23035,3426,0,0,2026-05-20T07:51:51+08:00,2026-05-20T08:48:57+08:00
2026-05-20 08:51:51.782816,23035,3426,0,0,2026-05-20T08:51:51+08:00,2026-05-20T09:48:57+08:00
2026-05-20 09:51:51.782816,23035,3426,0,0,2026-05-20T09:51:51+08:00,2026-05-20T10:48:57+08:00
2026-05-20 10:51:51.782816,23035,3426,0,0,2026-05-20T10:51:51+08:00,2026-05-20T11:48:57+08:00
2026-05-20 11:51:51.782816,23035,3426,0,0,2026-05-20T11:51:51+08:00,2026-05-20T12:48:57+08:00
2026-05-20 12:51:51.782816,23035,3426,0,0,2026-05-20T12:51:51+08:00,2026-05-20T13:48:57+08:00
2026-05-20 13:51:51.782816,23035,3426,0,0,2026-05-20T13:51:51+08:00,2026-05-20T14:48:57+08:00
